manufactor,Year,model,Hand,Gear,capacity_Engine,Engine_type,Prev_ownership,Curr_ownership,Area,City,Price,Pic_num,Cre_date,Repub_date,Description,Color,Km,Test,Supply_score
קיה,2011,פורטה,2,אוטומטית,1600,בנזין,השכרה,פרטית,מושבים בשפלה,פתחיה,16000,5,26/05/2024,07/06/2024,"לרציניים בלבד .קיה פורטה, הרכב היום בבעלות פרטי, עבר טיפול שמנים והחלפת פילטרים מלא מלא לפני חודשיים , הרכב מטופל במצב מעולה ללא תאונות שמור , יש מסך מולטימדיה גלגלי מגנזיום צמיגים מצב בסדר גמור , מרווח מאוד נוחות ישיבה מפנקת הרכב חזק ויציב על הכביש , עם בגז' גדול מפנק במיוחד מכיל הרבה מקום לחפצים אישיים ולצורכי קניות למשפחה ולכל מטרה.( בעלות קודמת ליסינ/החכרה והיום בבעלות פרטי ) תוספות גלגלי מגנזיום",כסוף מטאלי,227000,200,4
קיה,2016,פיקנטו,1,אוטומטית,1200,בנזין,פרטית,פרטית,רמת גן - גבעתיים,בני ברק,28500,3,31/05/2024,31/05/2024,מצב מצוין לא עברה שום תיקון צבע או תאונה כל שהיא,אפור,170000,259,24
קיה,2014,פיקנטו,3,ידנית,1000,בנזין,פרטית,פרטית,עמק יזרעאל,גן נר,15000,1,21/04/2024,18/05/2024,קטנה שמורה עם טסט לשנה,ורוד,135000,290,14
קיה,2012,ריו,4,ידנית,1400,דיזל,פרטית,פרטית,אשדוד - אשקלון,אשדוד,18000,6,07/05/2024,07/05/2024,רכב חסכוני בטירוף אחד ל 22 טסט לשנה אחרי טיפול גדול החלפת שמנים פילטרים נוזל רדיאטאור ברקסים חדשים צלחות קדמיות חדשות תוספות מולטימדיה אנדרואיד 12 מזגן חדש,לבן שנהב,207000,320,9
קיה,2014,פיקנטו,3,ידנית,1000,בנזין,פרטית,פרטית,עמק יזרעאל,גן נר,17000,3,02/04/2024,02/04/2024,"קיה מתוקה ושמורה, ידנית! בצבע ורוד! נמכרת עקב שדרוג הרכב, לרציניים בלבד תוספות גמיש",ורוד,135000,290,14
קיה,2014,פיקנטו,2,אוטומטית,1200,בנזין,פרטית,פרטית,רמלה - לוד,רמלה,37000,5,27/03/2024,27/03/2024,רכב שמור מאוד!! טסט עד 2/2025 תוספות מוליטימדיה ברכב,אפור מטאלי,92000,259,14
קיה,2014,פיקנטו,4,אוטומטית,1200,בנזין,פרטית,פרטית,ירושלים והסביבה,ירושלים,30500,3,29/02/2024,04/03/2024,"קילומטראז 129 אלף השנה הוחלף מצבר ורצועת מנוע ושני גלגלים קידמיים. אצלי קצת יותר משלוש שנים, עבר טיפולים בזמן במוסך מורשה. בעיקר נסיעות בתוך העיר.",לבן,129000,108,14
קיה,2014,פיקנטו,3,אוטומטית,1200,בנזין,פרטית,פרטית,גליל ועמקים,נצרת עילית,35000,4,25/02/2024,25/02/2024,"קיה פיקנטו ספורט מנוע 1250 עם 84 כס יד שלישית פרטית (02 ברישיון) זריזה חסכונית ואמינה הדגם המפואר הכולל השחרת חלונות מהחברה, גג נפתח, מגנזיום 15 אינץ, פנסי לד, מולטימדיה איכותית ורמקולים עוצמתיים שמורה במצב מצוין",לבן,143000,,14
קיה,2014,פורטה,3,אוטומטית,1600,בנזין,השכרה,פרטית,נס ציונה - רחובות,רחובות,24000,9,10/02/2024,10/02/2024,רכב שמור מאוד נמכר עקב קבלת רכב מהעבודה,לבן,180174,,9
קיה,2015,פורטה,2,אוטומטית,1600,בנזין,אחר,פרטית,באר שבע והסביבה,אופקים,36000,5,11/01/2024,12/01/2024,"רכב שמור, מטופל בזמן, אמין! תוספות מובילאיי, מצלמה וחיישני רוורס, חלונות אחוריים מושחרים",אפור,141000,,6
קיה,2012,פורטה,4,אוטומטית,1600,בנזין,פרטית,פרטית,טבריה והסביבה,טבריה,28500,7,23/12/2023,23/12/2023,"רכב שמור ונקי, חנה בחניה מקורה, תא מטען גדול ומרווח שתי שלטים מטופל בזמן כל 10000(לא היה לי שום טיפול חריג)כולל מערכת מולטימדיה אנדרואיד איכותית מזגן עובד פצצה מקפיא, חלונות שחורים מאחורה חישני רוורס מצלמה קידמית ואחורית באיכות טובה הכל אורות לדים בחוץ ובפנים אני מוכר עקב מעבר לרכב גדול יש אפשרות גם במרכז גמיש קצת במחיר לרצינים גם באלעד",אפור,157000,,2
קיה,2012,פורטה,3,אוטומטית,1600,בנזין,ליסינג,פרטית,מודיעין והסביבה,מודיעין עילית,26000,5,19/12/2023,19/12/2023,"יד ראשונה - חודש בליסינג, יד שניה - אותה שוכרת מליסינג קנתה את הרכב, מדובר בנהגת יחידה. אצלי הרכב היה במשך שנה , ונסעתי בו 7000 ק""מ. הרכב במצב מציון, נוסע חלק, ק""מ נמוך לשנת הרכב , ויחסית חסכוני בדלק. עבר טיפול 10000 לפני 3000 ק""מ, הוחלפו ברקסים.",אפור מטאלי,143000,,2
קיה,2013,פורטה,4,אוטומטית,1500,בנזין,פרטית,פרטית,ירושלים והסביבה,ירושלים,22000,2,22/10/2023,22/10/2023,רכב נוח במיוחד במצב מציון שמור ומתוחזק מאוד מטופל ללא תאונות כלל בהיתחייבות. תוספות + תא מטען גדול + חיישני רוורס + דיבורית,חום,199000,,6
קיה,2015,פיקנטו,4,ידנית,1200,בנזין,פרטית,פרטית,חדרה וישובי עמק חפר,חדרה,31000,3,03/10/2023,03/10/2023,"רכב בצורת רכב ספורט. מתאים לאנשים עם רוח צעירה . חסכוני מאוד, מתאים לאנשים שרוצים אוטו חדש וזול בתחזוקה . אוטו אמין בטירוף וירידת ערך נמוכה קילומטרז' נמוך שמור . לא להתבייש לחפור",שחור,72000,,20
קיה,2010,קרניבל,1,אוטומטית,2700,בנזין,ליסינג,ליסינג,גליל ועמקים,שפרעם,25,9,14/02/2024,04/04/2024,"רכב אלעלאא שפרעם קיה קרניבל שנת 2010 , מנוע 2700 , יד 01 ליסינג מימוני , ק""מ 195,797 , טסט לחודש 3 . תוספות ....",שחור,195797,,2
קיה,2014,אופטימה / Optima,2,אוטומטית,2000,בנזין,פרטית,פרטית,גליל ועמקים,שפרעם,32,7,29/03/2024,04/04/2024,"⚜ רכב אלעלאא שפרעם ⚜ ◽ סיג : קיה אופטימה (פנורמה) ◽שנת : 2014 ◽מנוע : 2000 ◽ יד : 02 פרטי ◽ ק""מ : 190,250 ◽ רכב חדש חדש ◽ אפשרות מימון עד 100% 👈 רכבים שמורים מאוד מתחייבים בבדקה ..👌 ------------------------------------------- נייד : 0508948223/0525050520 טל : 049585522 WhahtsApp: 050-894-8223 מיקום : רכב אלעלאא שפרעם חדש תוספות גג נפתח , מגניזום , מצלמת רוורס",לבן,190250,,0
קיה,2012,פיקנטו,1,אוטומטית,1200,בנזין,פרטית,פרטית,תל אביב,תל אביב יפו,29000,5,27/07/2023,27/07/2023,"הנחה גדולה! 5000 ש""ח פחות מהמחירון! הכל עובד פיקס! במרץ עברה טיפול 10,000.הוחלף פילטר למזגן. טסט עד מרץ 24. הגגון לא נשאר. 146,000 ק""מ. דיבורית bluetooth לשיחות טלפון בשמחה לעשות בדיקה. נמצא בת""א ליד תחנת רכבת ארולוזורב. תוספות bluetooth דיבורית, מתקן לטלפון",שחור,146000,,4
קיה,2012,פיקנטו,4,אוטומטית,1200,בנזין,פרטית,פרטית,עמק יזרעאל,מגדל העמק,30000,2,13/07/2023,13/07/2023,"אוטו שמור , קמ נמוך , לא בשבת תוספות מולטימדיה לרכב",אפור מטאלי,136000,,4
קיה,2016,סיד,3,אוטומטית,1600,בנזין,ליסינג,פרטית,מודיעין והסביבה,מודיעין עילית,31500,2,06/07/2023,10/07/2023,"רכב מעולה, חסכוני ורחב, באגז' ענק, כולל חיישני רוורס+מצלמת רוורס, מולטימדיה מקורית של קיה, הוחלף כעת מצבר חדש וממיר קטליטי חדש, טופל כל השנים אך ורק במוסך מורשה, נמכר כעת עקב חוסר במזומנים על כן תיתכן אפשרות של החלפה מול רכב במחיר יותר זול (10-15K).",לבן פנינה,165400,,23
קיה,2015,פיקנטו,2,אוטומטית,1300,בנזין,ליסינג,פרטית,מושבים בשרון,אביחיל,35000,4,19/06/2023,19/06/2023,רכב שמור מאוד ללא תאונות,תכלת,108000,,20
קיה,2012,פיקנטו,3,אוטומטית,1200,בנזין,פרטית,פרטית,רמת השרון - הרצליה,הרצליה,32000,5,10/06/2023,10/06/2023,קיה פיקנטו אוטומטי שנת 2012 יד 02 ברישיון שמורה ומטופלת היטב נוסעת כמו חדשה (נהגת יחידה). טסט עד ינואר 2024 גמיש לפרטים נוספים צרו קשר,ירוק בהיר,176000,,4
קיה,2016,נירו,2,אוטומטית,1400,בנזין,ליסינג,פרטית,רמת השרון - הרצליה,הרצליה,36000,6,29/05/2023,01/06/2023,"למכירה קיה ריו הצ'בק 2016 יד 2 נפח 1400 קילומטרז 145,000 כולל 4 צמיגים חדשים כולל מערכת מולטימדיה כולל מצבר חדש לפנות בפרטי רק רציניים ! תוספות מולטימדיה תואם מקור",שחור,145000,,1
קיה,2012,פיקנטו,1,אוטומטית,1200,בנזין,פרטית,פרטית,תל אביב,תל אביב יפו,34000,2,31/05/2023,31/05/2023,"יד ראשונה, מצב מצוין. שום בעיה מכנית איתו. טיפולים תמיד נעשו בזמן. מוכרים מפני שקיבלנו מכונית במתנה.",שחור,146000,,4
קיה,2011,סיד,5,אוטומטית,1600,בנזין,השכרה,פרטית,בית שמש והסביבה,בית שמש,17000,5,17/05/2023,17/05/2023,"רכב מומלץ מחירון 22900 מצב מצויין תקין לחלוטין טסט עד אוקטובר 23 מצבר שנפ חדש בינואר טיפול שמנים נעשה באפריל 23 קילומטר315000 נוסע מצויין ,מיזוג קירור חימום תקין צמיגים 4 חדשים ,בגאז ענק. בעיר בית שמש תוספות חיישן רוורס",אפור מטאלי,315000,,13
קיה,2014,פיקנטו,3,אוטומטית,1200,בנזין,פרטית,פרטית,עמק יזרעאל,מגדל העמק,43000,4,04/05/2022,26/03/2023,"למכירה קיה פיקנטו דגם ספורט EX מפואר! שנת 2014 יד 02 ברישיון פרטית ק""מ 118,000 מנוע 1250 כ""ס 85 סאן-רוף טסט עד 04/23, לאחר טיפול, הוחלפו 4 צמיגים חדשים מקוריים, מסך מולטימדיה חדש, 3 מצלמות רכב. ללא תאונות בכלל וללא תיקוני צבע!",לבן,130000,,14
קיה,2014,פיקנטו,3,אוטומטית,1200,בנזין,פרטית,פרטית,עמק יזרעאל,מגדל העמק,43000,5,24/03/2023,26/03/2023,"הדגם המפואר הכולל תאורת לד , שליטה מלאה מההגה, מולטימדיה אנדרואיד סנרוף. שנת 2014 יד 02 ברישיון נסע 130,000 שמורה במצב מצוין ללא תאונות ללא תיקוני פח ללא תיקונים",לבן,130000,,14
קיה,2016,,2,אוטומטית,1200,בנזין,פרטית,פרטית,בקעת אונו,יהוד מונוסון,,6,16/01/2023,16/01/2023,,לבן,78000,,0
קיה,2016,נירו,1,אוטומטית,1600,בנזין,אחר,פרטית,,נווה אור,68000,3,23/12/2022,23/12/2022,"קיה ספורטאג' אורבן. במצב מעולה! רכב מטופל ושמור. תוספות מערכת מולטימדיה, מיגון תחתון.",לבן,179000,,1
קיה,2016,פיקנטו,2,אוטומטית,1250,בנזין,,,ירושלים והסביבה,מעלה אדומים,46000,1,02/11/2022,02/11/2022,קיה פיקנטו 2016 במצב מעולה טסט עד ינואר 86 אלף קילומטר ! כולל מולמטידה מצלמת רוורס גלגלים חדשים הרכב עבר טיפול גדול להניע ולנסוע! מחיר 46 אלף שח גמיש במעמד הקניה 0508513211 &lt;br/&gt;&lt;br/&gt;פירוט:&lt;br/&gt; מולטימדיה,,860000,,24
קיה,2008,קרניבל,3,אוטומטית,2700,בנזין,,,תל אביב,תל אביב יפו,15000,1,02/11/2022,02/11/2022,"במצב מכני טוב, 10 שנים אצלי",,330000,,8
קיה,2014,פיקנטו,1,אוטומטית,1248,בנזין,,,ראש העין והסביבה,ראש העין,44000,1,02/11/2022,02/11/2022,"שמור מאוד, מטופל במוסך קיה מורשה, נמכר עקב טיסה לחו""ל.",,79000,,14
קיה,2013,פיקנטו,2,אוטומטית,1200,בנזין,,,חיפה וחוף הכרמל,נשר,,1,27/10/2022,27/10/2022,"1 ימים · מוכרים את הפיקנטית שלנו ( עקב התרחבות המשפחה) קיה פיקנטו הדגם המפואר מצב מעולה, שמורה בקנאות בית עבודה, מצב מכני חדש, טיפולים בזמן כולל טסט לשנה, אוטומט מנוע 1200, 146 אלף קילומטר. מחירון 36, מבקשים 33, גמישים לרציניים בלבד כל הקודם זוכה ! לפרטים",,146,,11
קיה,2010,ריו,3,אוטומטית,1400,בנזין,,,עמק יזרעאל,עפולה,23500,1,25/10/2022,25/10/2022,"קיה ריאו 2010?? 180,000 קמ?? מכנית טובה מאוד?? מזגן מקפיא?? בלי שריטה על האוטו?? גיר,שמן,מנוע,מצטבר,הכל תקין?? שמורה ומטופלת?? רציינים בלבד! &lt;br/&gt;&lt;br/&gt;פירוט:&lt;br/&gt; מערכת מולטימדיה חדשה מהחברה",,180000,,6
קיה,2014,פורטה,3,אוטומטית,1591,בנזין,,,אשדוד - אשקלון,אשקלון,39000,1,24/10/2022,24/10/2022,"איבזור גבוהה לרכב לשנה זו מטופל רק במוסך מורשה , שאסי נקי מכני מצויין &lt;br/&gt;&lt;br/&gt;פירוט:&lt;br/&gt; מובילאיי",,162000,,9
קיה,2015,פיקנטו,2,אוטומטית,1248,בנזין,,,ירושלים והסביבה,ירושלים,53000,1,23/10/2022,23/10/2022,"למכירה קיה פיקנטו אדומה יפיפיה 52,400 ק""מ רכב שמור מטופל בזמן עבר טסט לפני שלושה חודשים ולאחר טיפול שנתי לפני 4 חודשים נהגת יחידה רכב שמור",,52400,,20
קיה,2016,פיקנטו,2,אוטומטית,1250,בנזין,,,בקעת אונו,קרית אונו,47000,1,21/10/2022,21/10/2022,"קיה פיקנטו חדשה למכירה שנה - 2016 יד - 2 טסט - 2023 ק״מ 77,000 צבע - לבן ללא תאונות שמורה ומטופלת",,77000,,24
קיה,2015,פיקנטו,2,אוטומטית,1248,בנזין,,,,jeruslem,53000,1,20/10/2022,20/10/2022,"למכירה קיה פיקנטו אדומה יפיפיה 52,400 ק""מ רכב שמור מטופל בזמן עבר טסט לפני שלושה חודשים ולאחר טיפול שנתי לפני 4 חודשים נהגת יחידה רכב שמור",,52400,,20
קיה,2014,פיקנטו,1,ידנית,1000,בנזין,,,,נגבה,23200,1,19/10/2022,19/10/2022,יד ראשונה מפרטי. נמכרת בשל סיום לימודים ומעבר לרכב חברה. מטופלת כמו שעון. במצב מעולה!!,,190000,,14
קיה,2009,פורטה,3,אוטומטית,1600,בנזין,,,בקעת אונו,ברקת,21000,1,17/10/2022,17/10/2022,"מכירה קיה פורטה 2009 דגםEX במצב מצויין ! יד 3 פרטית 170 אלף ק""מ דיבורית בלוטוס+חיישני רוורס מטופל בזמן ושמור. *נמכר עקב קבלת רכב מהעבודה* מחיר: 21 אלף ש""ח(גמיש קצת לרציניים) נאור 0535231512",,170000,,2
קיה,2012,,1,אוטומטית,1600,בנזין,,,גדרה יבנה והסביבה,יבנה,,1,15/10/2022,15/10/2022,,,215000,,0
קיה,2013,פיקנטו,4,אוטומטית,1250,בנזין,,,מושבים בשרון,תנובות,34000,1,13/10/2022,13/10/2022,אוטו מצויין נוסע מעולה ללא תקלות עם טסט לאוטו אין שריטה אפילו &lt;br/&gt;&lt;br/&gt;פירוט:&lt;br/&gt; מסך מולטימדיה גדול עם מצלמת רוורס וחיישני רוורס,,,,11
קיה,2015,פיקנטו,1,ידנית,1250,בנזין,,,,בית גאן,310000,1,08/10/2022,08/10/2022,הרכב מאוד שמור.,,117,,20
קיה,2013,פיקנטו,4,ידנית,1000,בנזין,,,בית שמש והסביבה,בית שמש,23000,1,07/10/2022,07/10/2022,"קיה פיקנטו ידנית מנוע 1.0 שנת 2013 נהג יחיד טסט לשנה מלאה צמיגים חדשים אחרי טיפול גדול רכב שמור מאוד ומטופל , ללא תאונות/מכות. חסכוני מאוד. יד רביעית. 76000 קמ בלבד. מתחייב גיר מנוע שלדה.",,76000,,11
קיה,2015,פיקנטו,3,אוטומטית,1300,בנזין,פרטית,פרטית,"ראשל""צ והסביבה",ראשון לציון,43000,4,05/10/2022,05/10/2022,רכב שמור ומטופל מתחייב בבדיקה! לרציניים בלבד לא לסוחרים,שחור,76000,,20
קיה,2015,פיקנטו,1,אוטומטית,1248,בנזין,,,,(קרית חיים (חיפה),46000,1,03/10/2022,03/10/2022,רכב של פנסיונר מאוד שמור ומטופל ללא תאונות,,59000,,20
קיה,2016,פיקנטו,1,אוטומטית,1250,בנזין,,,אילת והערבה,אילת,53000,1,02/10/2022,02/10/2022,עלה לכביש ב9.2016 גג נפתח מקורי. גאנטים מגנזיום אחריות יצרן עד 9.2023 למנוע ולתיבת הילוכים,,66000,,24
קיה,2013,פיקנטו,3,אוטומטית,13,בנזין,,,חיפה וחוף הכרמל,נשר,36000,1,30/09/2022,30/09/2022,שמור ונקי גמישה לרציניים בלבד טסט עד פבואר &lt;br/&gt;&lt;br/&gt;פירוט:&lt;br/&gt; יש מערכת מוטלימדיה,,122100,,11
קיה,2015,פיקנטו,2,אוטומטית,1200,בנזין,,,חיפה וחוף הכרמל,חיפה,45000,1,28/09/2022,28/09/2022,"רכב שמור. מצבר חדש, 4 גלגלים חדשים. מטופל במוסך מורשה. טסט בעוד 11 חודשים. שמור מאד &lt;br/&gt;&lt;br/&gt;פירוט:&lt;br/&gt; מערכת מוליטימדיה, חיישני רוורס, מצלמת רוורס",,96000,,20
קיה,2014,פיקנטו,1,ידנית,1000,בנזין,,,,תל אב,22000,1,28/09/2022,28/09/2022,שמור ביותר במצב מעולה. מנוע חדש!!!,,180,,14
קיה,2014,סראטו,1,טיפטרוניק,2400,בנזין,,,רמת השרון - הרצליה,הרצליה,69000,1,26/09/2022,26/09/2022,"שמורה, מטופלת ,מצ""ב מצוין",,125000,,0
קיה,2014,ריו,2,אוטומטית,1400,בנזין,,,נס ציונה - רחובות,רחובות,31900,1,23/09/2022,23/09/2022,הרכב שמור ומטופל בזמן . שמחה-0548305466 &lt;br/&gt;&lt;br/&gt;פירוט:&lt;br/&gt; יש ברכב מערכת מוליטימדיה וחיישני רוורס. טסט לשנה.,,167000,,17
קיה,2015,סראטו,2,אוטומטית,2359,בנזין,,,,טייבה,90000,1,21/09/2022,21/09/2022,"רכב שמור ,פרטי",,121,,0
קיה,2014,פיקנטו,3,אוטומטית,1250,בנזין,,,"ראשל""צ והסביבה",ראשון לציון,40000,1,19/09/2022,19/09/2022,קיה פיקנטו שנת 2014 שמורה! עברה טיפול לא מזמן. &lt;br/&gt;&lt;br/&gt;פירוט:&lt;br/&gt; מערכת מולטימדיה יש וואיז יוטיוב,,87000,,14
קיה,2008,קרניבל,2,אוטומטית,2700,בנזין,,,רמת השרון - הרצליה,הרצליה,20000,1,16/09/2022,16/09/2022,"מפרטי ! רכב נוסע בצורה חלקה ללא תקלות. פחות מ-200K ק""מ. מכות פח בדלת ימין , שריטות בדלת שמאל ועל כן נמכר במחיר הזה - מחיר ללא משא ומתן !",,194000,,8
קיה,2015,,2,אוטומטית,1591,בנזין,,,אילת והערבה,אילת,,1,15/09/2022,15/09/2022,,,137200,,0
קיה,2015,פורטה,2,אוטומטית,1600,בנזין,,,חולון - בת ים,חולון,58000,1,15/09/2022,15/09/2022,קאיה ספוטאז' מטופלת ושמורה,,140000,,6
קיה,2015,פיקנטו,3,אוטומטית,1248,בנזין,,,ראש העין והסביבה,ראש העין,39200,1,14/09/2022,14/09/2022,"בובה של רכב, מוכרת עקב נסיעה לחו״ל רכב מצויין, לא עבר טיפולי שלדה, לא רואה מוסך רכב אמין וחסכוני יש מעט שריטות אפשר לראות בתמונות גמישים יש מעט שריטות ומכת פח קטנה רואים בתמונות &lt;br/&gt;&lt;br/&gt;פירוט:&lt;br/&gt; מולטימדיה מערכת שמע חדשה בבגאז( לא תופס מקום) מצלמת שיאומי דרך בלוטוס",,10277,,20
קיה,2015,פיקנטו,4,אוטומטית,1248,בנזין,,,ראש העין והסביבה,ראש העין,39290,1,13/09/2022,13/09/2022,"בובה של רכב, מוכרת עקב נסיעה לחו״ל יש מעט שריטות ומכות פח לא קריטיות, ניתן לראות בתמונות לללא עבר של טיפולי שלדה או החלפת גיר.. לא רואה מוסך חסכוני ואמין רכב מצויין בהבטחה גמישים לרציניים בלבד! &lt;br/&gt;&lt;br/&gt;פירוט:&lt;br/&gt; מצלמת שיומי מחוברת לטלפון דרך בלוטוס, מערכת מולטימדיה סינית מערכת שמע חדשה עם רמקולים שלא תופסים מקום בבגאז׳.",,102550,,20
קיה,2010,קרניבל,2,אוטומטית,2700,בנזין,,,תל אביב,תל אביב יפו,31000,1,12/09/2022,12/09/2022,"רכב שמור בקפדנות עבר במשפחה יד 1 לרכב יש מלא תוספות מסך מדייה 10 אינץ עם שלט מדרכות צד ציפויים פנסי לד קפיצים שלי koni בולמים של רארג' עבר הגבעה מאושרת ברישיון 5 סנטים רכב חתיך אני עובד בפוליש למכוניות אז הרכב עובר כול חודש ציפוי ננו קרמי פוליש בפנים הרכב בתוך לא מעשנים הרכב מטופל קבוע לאחר 4 גלגלים חדשים ורצועה ופילטרים יש קבלות הכול מתועד מוסך המרכזי &lt;br/&gt;&lt;br/&gt;פירוט:&lt;br/&gt; 4×4 יד 02 ק""מ 160 אלף מטופל היטב קיה ספורטז סוף 2010 דגם הכי אחרון בישראל",,160000,,2
קיה,2012,ריו,2,אוטומטית,1400,בנזין,,,ירושלים והסביבה,ירושלים,17000,1,07/09/2022,07/09/2022,רכב שמור . במצב מצויין .. טסט למרץ 2023 גמיש לרצינים,,202200,,9
קיה,2016,סראטו,1,אוטומטית,2400,בנזין,,,רעננה - כפר סבא,כוכב יאיר,100000,1,30/08/2022,30/08/2022,"7 מושבים מוכן לבדיקה &lt;br/&gt;&lt;br/&gt;פירוט:&lt;br/&gt; מערכת מולטימידיה מגע מערכת הגברה , רמקולים",,91000,,0
קיה,2015,סראטו,2,אוטומטית,1600,בנזין,,,מושבים במרכז,בית עוזיאל,65000,1,30/08/2022,30/08/2022,מצב האוטו מצוין טסט ל 9 חודשים. &lt;br/&gt;&lt;br/&gt;פירוט:&lt;br/&gt; תוספת של מערכת מולטימדיה,,152000,,0
קיה,2015,פיקנטו,2,אוטומטית,1248,בנזין,,,,"גבעת כ""ח",35000,1,29/08/2022,29/08/2022,"נהגת יחידה. טיפולים בזמן, מצ""ב מכני מצויין. טסט עד יולי 2023. נמכר עקב קבלת רכב מהעבודה. &lt;br/&gt;&lt;br/&gt;פירוט:&lt;br/&gt; תוספת של צג מולטימדיה חדש.",,91800,,20
קיה,2016,פיקנטו,1,אוטומטית,1250,בנזין,,,פתח תקוה והסביבה,פתח תקווה,51500,1,24/08/2022,24/08/2022,"רכב שמור מאוד עבר את כל הטיפולים וללא תאונות &lt;br/&gt;&lt;br/&gt;פירוט:&lt;br/&gt; חישוקי מגנזיום מקוריים מהחברה, חלון גג, מערכת מובילאיי",,,,24
קיה,2011,קרניבל,2,אוטומטית,2700,בנזין,,,רמת גן - גבעתיים,בני ברק,55000,1,24/08/2022,24/08/2022,רכב קיה קרניבל 2011 נסע על 81000 קילומטר היה של נכה צריך לחבר שתי כיסאות פנס אחד קדמי שבור צריך לתקן,,81000,,2
קיה,2010,קרניבל,3,אוטומטית,2900,דיזל,,,תל אביב,תל אביב יפו,22000,1,15/08/2022,15/08/2022,רכב במצב מעולה ללא תאונות שמורה יפה מאוד מבפנים וגם מבחוץ הוחלף מנוע לפני שנתיים מנוע במצב מעולה,,226000,,2
קיה,2016,פיקנטו,1,אוטומטית,1250,בנזין,,,פתח תקוה והסביבה,פתח תקווה,55000,1,14/08/2022,14/08/2022,"שמור , חדש",,21000,,24
קיה,2010,קרניבל,3,אוטומטית,2900,דיזל,פרטית,פרטית,תל אביב,תל אביב יפו,22000,4,14/08/2022,14/08/2022,רכב במצב מעולה ללא תאונות שמורה יפה מאוד מבפנים וגם מבחוץ הוחלף מנוע לפני שנתיים מנוע במצב מעולה,כסוף מטאלי,226000,,2
קיה,2015,פיקנטו,2,אוטומטית,1248,בנזין,,,אילת והערבה,אילת,30000,1,13/08/2022,13/08/2022,"רכב שמור ,מטופל . טסט עד 02/23",,,,20
קיה,2016,ריו,3,אוטומטית,1400,בנזין,,,,כפר מצר,35000,1,13/08/2022,13/08/2022,רכב שמור מטופל במוסך מורשה לא חסר בורג טסט לחודש 4/23 &lt;br/&gt;&lt;br/&gt;פירוט:&lt;br/&gt; מערכת אנדרויד ומצלמת רוורס,,200,,15
קיה,2011,פורטה,2,אוטומטית,1600,בנזין,,,נתניה והסביבה,נתניה,21000,1,12/08/2022,12/08/2022,הרכב במצב שמור ומטופל. 4 דלתות ל-5 יושבים. תא מטען גדול. ליצור קשר עם דן.,,,,4
קיה,2012,,3,אוטומטית,1400,בנזין,,,,מג'ד אל-כרום,,1,08/08/2022,08/08/2022,,,160000,,0
קיה,2015,פיקנטו,3,אוטומטית,1200,בנזין,,,עמק יזרעאל,מגדל העמק,4000,1,07/08/2022,07/08/2022,רכב שמור נהגת יחידה,,130,,20
קיה,2015,פיקנטו,2,אוטומטית,1248,בנזין,,,,נהרייה,41000,1,02/08/2022,02/08/2022,רכב שמור פרטי מטופל ללא תאונה,,93000,,20
קיה,2016,אופטימה / Optima,1,אוטומטית,1600,בנזין,,,גליל ועמקים,נצרת,100000,1,31/07/2022,31/07/2022,"חדש בתצוגה ???? ג״פ קייה ספורטאז דגם: הכי מפואר premium GT נפח :1.6 (כ״ס177) שנת:2016 יד:01 פרטית ?? ק״ם :144,000 מטופל בחברה אוטו חדש ללא תיקון צבע מתחיב בבדיקה ? אפשרות למימון 100% ??0537550405 &lt;br/&gt;&lt;br/&gt;פירוט:&lt;br/&gt; וו גרירה",,145,,0
קיה,2013,פיקנטו,2,אוטומטית,1248,בנזין,,,פתח תקוה והסביבה,פתח תקווה,32500,1,30/07/2022,30/07/2022,"קיה פיקנטו, מודל 2013 רכב שמור (עם טיפולים מסודרים) טסט עד אפריל שנה הבאה. יד ראשונה היה השכרה/החכר (של הרץ). קניתי אותו שמור והבדיקה הכללית הייתה מצויינת. הוחלפו בשנה שעברה 4 צמיגים מקוריים. מולא גז מזגן לאחרונה, חשמל של חלונות הרכב (כולל פיקוד) - הוחלף בשנה שעברה. מצבר חדש - 21/22. * נא לא להתקשר בשבת * גמיש במידה ואני רואה שניתן להתקדם.",,175000,,11
קיה,2012,,2,ידנית,1000,בנזין,,,רמלה - לוד,רמלה,,1,25/07/2022,25/07/2022,,,190000,,0
קיה,2012,,2,ידנית,1000,בנזין,פרטית,פרטית,רמלה - לוד,רמלה,,5,24/07/2022,24/07/2022,,בז',,,0
קיה,2006,קארנס,5,אוטומטית,2000,בנזין,פרטית,פרטית,,איתמר,14000,10,21/07/2022,23/07/2022,"אחרי ראש מנוע לפני 6 ח' טיימינג+רצועות+מנוע תחתון נוסע סבבה, מחירון משוקלל 13576 ש""ח 6 מושבים 4 מרוחים 8 חגורות גם ברישיון(בתמונות) שורה אמצעית מתכוננת וזזה קדימה אחור מושבים מאחור לילדים,קיפול מושבים מאפשר שטח אעמסה,צריכת דלק מעולה1/15בנהיגה ח'1/12ברגיל,כשלוחצים 1/9 מזגן מקרר מעולה,ג'נטים מגנזיום,חלונות מושחרים, מצלמת רוורס,מצבר פחות משנה,שפע שקעים, מד דלק לא תקין,חלון ימין אחור עושה בעיות לפעמים תוספות אחרי ראש מנוע לפני 6 ח' טיימינג+רצועות+מנוע תחתון נוסע סבבה 8 חגורות גם ברישיון ג'נטים מגנזיום,חלונות מושחרים, מצלמת רוורס,מצבר פחות משנה",לבן,210000,,3
קיה,2012,ריו,2,אוטומטית,900,בנזין,,,,קריית אתא,20000,1,23/07/2022,23/07/2022,קיה מגניבה .מזגן מקפיא.נמכר עקב קבלת רכב מהעבודה,,230000,,9
קיה,2012,סראטו,1,אוטומטית,2000,בנזין,,,מושבים בשפלה,תימורים,51000,1,21/07/2022,21/07/2022,"ספורטז' פרימיום יד ראשונה ,שמור ומטופל,חישוקי מגנזיום,רפוד עור מלא,כפתור הנעה ,מולטימדיה. &lt;br/&gt;&lt;br/&gt;פירוט:&lt;br/&gt; וו גרירה.",,147000,,0
קיה,2005,קארנס,2,אוטומטית,1975,בנזין,,,,ראשו,10000,1,20/07/2022,20/07/2022,מצב מכני מעולה חלונות חשמל מערכת מולטימדיה מצלמת רוורס מתאים למשפחות .לא בשבת,,161000,,3
קיה,2008,ריו,4,אוטומטית,1400,בנזין,,,פתח תקוה והסביבה,פתח תקווה,6500,1,20/07/2022,20/07/2022,רכב מבחינה מכנית מעולה טסט עד שש עשרה לאוגוסט יש בעיה בבלמים חיצונית הצבע אכול ולכן הורדתי משמעותית במחיר,,199650,,5
קיה,2013,פורטה,2,אוטומטית,1600,בנזין,,,חולון - בת ים,חולון,30000,1,20/07/2022,20/07/2022,ללא תאונות במצב מצויין רכב מטופל אמין נוח וחסכוני &lt;br/&gt;&lt;br/&gt;פירוט:&lt;br/&gt; ללא תאונות במצב מצויין רכב מטופל אמין נוח וחסכוני,,160000,,6
קיה,2016,ריו,2,אוטומטית,1396,בנזין,,,אשדוד - אשקלון,אשדוד,35000,1,19/07/2022,19/07/2022,הרכב מטופל בזמן טסט עד 17/5/2023,,162127,,15
קיה,2000,פיקנטו,1,אוטומטית,1248,בנזין,,,גליל ועמקים,מעלות תרשיחא,73000,1,18/07/2022,18/07/2022,רכב שמור יד ראשונה מטופל במוסך קיה בכרמיאל. כל הקודם זוכה.,,32000,,0
קיה,2014,פיקנטו,2,אוטומטית,1248,בנזין,,,חיפה וחוף הכרמל,טירת כרמל,42000,1,18/07/2022,18/07/2022,רכב. במצב מצויין מטופל בזמן יד פרטית,,101500,,14
קיה,2015,סראטו,3,אוטומטית,1591,בנזין,,,אילת והערבה,אילת,70000,1,18/07/2022,18/07/2022,"מוכרת את אהובת ליבי עקב מעבר לחו״ל קיה ספורטאג (דגם ישן) 2015 נפח מנוע - 1591 כ״ס - 133 יד 3 (לא מסוכנות רק פרטי) אוטו שקיבל רק אהבה , טיפולים תמיד בזמן , חנה רק בחניה מוצלת , אביזרים נלווים (ממותגי קיה) . קילומטראז - 110,000 גלגלים- חדשים טסט - טסט לשנה מרגע המכירה!!! מזגן - שלא מבייש את הקיץ באילת (מקפיא !!) מצלמת רוורס , מערכת מולטימדיה , רמקולים נדירים, מחיר - 70,000 (גמישה לרציניים!!!) מוכרת את האוטו ב8.9.22 עם טסט לשנה עד 09/23 שוב האוטו שמור ביותר אם הייתי יכולה הייתי לוקחת אותו איתי לחו״ל אך לצערי…..",,110000,,0
קיה,2015,ריו,2,אוטומטית,1400,בנזין,,,ירושלים והסביבה,ביתר עילית,29000,1,18/07/2022,18/07/2022,"רכב במצב מעולה , צמיגים חדשים , מצבר חדש , טסט עד ה 5.23 , גמישה במחיר לרציניים. &lt;br/&gt;&lt;br/&gt;פירוט:&lt;br/&gt; מוביליי ,מערכת מולטימדיה , מצלמת רוורס",,200000,,18
קיה,2015,ריו,2,אוטומטית,1400,בנזין,,,חולון - בת ים,חולון,29000,1,16/07/2022,16/07/2022,רכב שמור ללא תאונות במצב מצויין עם מערכת מולטימדיה מצלמת רוורס ומערכת מוביליי חסכוני אמין ונוח &lt;br/&gt;&lt;br/&gt;פירוט:&lt;br/&gt; רכב שמור ללא תאונות במצב מצויין עם מערכת מולטימדיה מצלמת רוורס ומערכת מוביליי חסכוני אמין ונוח,,170000,,18
קיה,2016,פיקנטו,2,אוטומטית,1250,בנזין,,,חולון - בת ים,חולון,39000,1,16/07/2022,16/07/2022,במצב מעולה ללא תאונות רכב שמור מאוד ומטופל בזמן לאחר טיפול התחייבות בבדיקה אמין חסכוני ונוח &lt;br/&gt;&lt;br/&gt;פירוט:&lt;br/&gt; במצב מעולה ללא תאונות רכב שמור מאוד ומטופל בזמן לאחר טיפול התחייבות בבדיקה אמין חסכוני ונוח,,99000,,24
קיה,2015,פיקנטו,1,אוטומטית,1248,בנזין,,,חולון - בת ים,חולון,40000,1,16/07/2022,16/07/2022,רכב שמור במצב נדיר! ללא תאונות!,,87000,,20
קיה,2011,פורטה,3,אוטומטית,1600,בנזין,,,חולון - בת ים,חולון,19500,1,12/07/2022,12/07/2022,רכב נוסע נסיעה נקייה ללא תקלות מכניות,,165000,,4
קיה,2016,,1,אוטומטית,1250,בנזין,,,פתח תקוה והסביבה,פתח תקווה,,1,08/07/2022,08/07/2022,,,51000,,0
קיה,2013,ריו,2,אוטומטית,1400,בנזין,,,"ראשל""צ והסביבה",ראשון לציון,26900,1,08/07/2022,08/07/2022,"לבוא לקחת. התחייבות לקנייה חוזרת עד 5 שנים. שקיפות מלאה!!! מגוון אפשרויות מימון עד 100% כולל תשלום בצקים. נמצא בסוכנות ""גרינקאר"" בראשל""צ, רח' הרצל 28. הנחות ומחירים מיוחדים יינתנו בסניף, יחס אישי לכל לקוח שקיפות מלאה!!! מבחר ענק של רכבים נוספים ניתן לראות באתר של גרינקאר. לצאת עם רכב חדש באותו היום.",,,,10
קיה,2015,פיקנטו,3,אוטומטית,1250,בנזין,,,נתניה והסביבה,נתניה,43000,1,04/07/2022,04/07/2022,"מנוע 1250 אוטומט, לא היה בהשכרה או ליסינג. פרטי לחלוטין, שמור אין אף תיקון צבע.",,115000,,20
קיה,2014,פיקנטו,3,אוטומטית,1250,בנזין,,,נס ציונה - רחובות,רחובות,40000,1,30/06/2022,30/06/2022,רכב מעולה אמין נוסע טוב וחלק. שמו מאוד מאוד. מטופל כמו שצריך שמנין פילטרים וברקסים חדשים יחסית. הכל באמת ממד שמור וטוב לרציניים גמיש קצת במחיר &lt;br/&gt;&lt;br/&gt;פירוט:&lt;br/&gt; מערכת מולטימדיה ריפודים יפים ונוחים ממש אנטנת כריש,,100000,,14
קיה,2016,פיקנטו,1,אוטומטית,1248,בנזין,,,יישובי השומרון,ברקן,45000,1,27/06/2022,27/06/2022,דגם מפואר סוף שנת 2016 . טסט עד 01/2023. גג נפתח . רכב במצב מצויין . מטופל כל 10-15 אלף קילומטרז. &lt;br/&gt;&lt;br/&gt;פירוט:&lt;br/&gt; משענת יד . תאורת לד פנימית .,,35000,,24
קיה,2015,פיקנטו,1,אוטומטית,1250,בנזין,,,"ראשל""צ והסביבה",ראשון לציון,43500,1,20/06/2022,20/06/2022,"רכב שמור ללא תאונות ,אחרי טיפול וצמיגים, בהזדמנות!",,57000,,20
קיה,2016,פיקנטו,2,אוטומטית,1250,בנזין,,,חולון - בת ים,חולון,40000,1,19/06/2022,19/06/2022,ללא תאונות במצב מעולה רכב מטופל ושמור עם מערכת מולטימדיה מצלמת רוורס חיישני רוורס התחייבות בבדיקה &lt;br/&gt;&lt;br/&gt;פירוט:&lt;br/&gt; ללא תאונות במצב מעולה רכב מטופל ושמור עם מערכת מולטימדיה מצלמת רוורס חיישני רוורס התחייבות בבדיקה,,73000,,24
קיה,2011,פיקנטו,3,אוטומטית,1248,בנזין,,,"ראשל""צ והסביבה",ראשון לציון,23000,1,18/06/2022,18/06/2022,צבע חום מולטימדיה חדשה באחריות צמיגים חדשים,,170000,,3
קיה,2011,סול,2,טיפטרוניק,1600,דיזל,,,באר שבע והסביבה,שדרות,32000,1,15/06/2022,15/06/2022,קיה סול טורבו דיזל 1600 רכב חסכוני ומרווח &lt;br/&gt;&lt;br/&gt;פירוט:&lt;br/&gt; וו גרירה ששומש לטיולים עם עגלה קטנה מדי פעם מערכת מולטימדיה עם מצלמת רוורס של פיוניר,,182000,,6
קיה,2015,פיקנטו,2,אוטומטית,1299,בנזין,,,מושבים בשרון,עין ורד,48000,1,14/06/2022,14/06/2022,"רכב קומפקטי, שמור מאוד וחסכוני, ללא תאונות כלל עם קילומטראז' נמוך וטסט לשנה. *בובה של רכב, מחליף אך ורק בגלל קבלת רכב מהעבודה!!! &lt;br/&gt;&lt;br/&gt;פירוט:&lt;br/&gt; כל התוספות המקוריות מהחברה - פנסי לד קדמיים ואחוריים, גג נפתח חשמלי, 2 אגזוזים, חישוקי מגנזיום, קודנית מקורית קיה, חיישני רוורס ו-מובילאיי (מתברר שזה חוסך לא מעט בבביטוח הרכב)",,93000,,20
קיה,2012,פיקנטו,1,אוטומטית,1248,בנזין,,,"ראשל""צ והסביבה",ראשון לציון,37000,1,13/06/2022,13/06/2022,שמור,,70000,,4
קיה,2016,פיקנטו,1,אוטומטית,1248,בנזין,,,ראש העין והסביבה,אלעד,40000,1,13/06/2022,13/06/2022,חלון גגנפתח. נהג יחיד.שמורה. &lt;br/&gt;&lt;br/&gt;פירוט:&lt;br/&gt; מולטימדיה.אמובייל. טסט עד סוף מרץ 2,,87000,,24
קיה,2012,פיקנטו,2,אוטומטית,1248,בנזין,,,נתניה והסביבה,נתניה,30000,1,05/06/2022,05/06/2022,קיה LX רכב אמין וחסכוני במצב מכני מעולה. מטופל בזמן במוסך מורשה טסט לחצי שנה,,153000,,4
קיה,2014,פיקנטו,1,ידנית,1000,בנזין,פרטית,פרטית,חדרה וישובי עמק חפר,אחיטוב,24900,3,26/03/2022,02/06/2022,"לא עבר תאונות, נראה טוב ומטופל היטב, רכב זריז מאד וקל לנהיגה, שומר היטב על ערכו תוספות בלמים חדשים, מצבר חדש עם אחריות, צמיגים בני שנה, פילטר מזגו חדש",אדום,127000,,14
קיה,2016,פיקנטו,2,אוטומטית,1248,בנזין,,,אשדוד - אשקלון,אשדוד,50000,1,31/05/2022,31/05/2022,"קיה פיקנטו הדגם המבוקש TOP אוט' + חלון גג מקורי 1.2 שנת 2016, אוטומטית, 1248 סמ""ק, יד שנייה מפרטי נהגת יחידה, רכב חונה בחנייה מקורה בלבד, שמור מאוד, נקי, מטופח ומטופל בזמן !! חסכוני בדלק ברמה מטורפת!!!! * טסט עד ה- 04/23 * הותקנה מצלמת רוורס ומצלמת דרך * התחייבות למנוע, גיר ושילדה * כולל מסך מולטימדיה ומובילאיי",,81000,,24
קיה,2015,פיקנטו,2,אוטומטית,1248,בנזין,,,רעננה - כפר סבא,כפר סבא,38500,1,24/05/2022,24/05/2022,"שמור, 2 גלגלים חדשים, טסט לשנה, עבר טיפול לאחרונה. רכב אמין, חסכוני בדלק, זריז ונוח.",,115000,,20
קיה,2014,פיקנטו,3,אוטומטית,1200,בנזין,פרטית,פרטית,מודיעין והסביבה,מודיעין,31000,9,21/05/2022,21/05/2022,"רכב שמור ומטופל, נוסע מעולה, מזגן מקפיא, מולטימדיה, חיישני רוורס, מגנזיום, נקי מתאונות, מאשה מבוגרת שש שנים. טסט ל10 חודשים מחיר מתחת למחירון תוספות דגם EX מאובזר",בז',180000,,14
קיה,2015,פיקנטו,1,אוטומטית,1200,בנזין,,,תל אביב,תל אביב יפו,48000,1,15/05/2022,15/05/2022,פיקנטו ספורט 2015 במצב מדהים!! יד ראשונה עם סאנרוף,,50000,,20
קיה,2016,פיקנטו,3,אוטומטית,1250,בנזין,,,חולון - בת ים,חולון,40000,1,12/05/2022,12/05/2022,רכב במצב חדש ללא תאונות מטופל בזמן טסט לשנה כולל טיפול &lt;br/&gt;&lt;br/&gt;פירוט:&lt;br/&gt; רכב במצב חדש ללא תאונות מטופל בזמן טסט לשנה כולל טיפול,,70000,,24
קיה,2012,פיקנטו,2,אוטומטית,1250,בנזין,,,מודיעין והסביבה,שוהם,31000,1,11/05/2022,11/05/2022,"קאיה פיקנטו ממש חדשה 2012/09 אוטומטית לחלוטין חלונות חשמל נעילה מרכזית חסכוני זריז וממש מוצלח דגם הדגל של פיקנטו EX ללא תאונות יד 02 ""מתקרבים ליומלדת 120 אלף קמ"" עדיין, 119874 ק""מ של הנאות התחיבות מלאה בבדיקה ! מצבר חדש בעלות פרטית לגמרי מצלמת דרך איכותית AUX/BT/USB יש עוד נלווים וכל מיני תוספות ואיבזרים שזה להנאת הקונה החדש לבריאות מושקעת בכל טוב מחנה בחנייה מקורה פיקנטיי שירתה אותנו בהנאה ושלווה ובנחת 5 שנים למרות שזה רכב נדיר הוחלט שעוברים לרכב משפחתי יותר 7 מקומות/גיפ/קרוסאוובר 4 צמיגים חדשים הכל עובד על פי חיישנים בדגם הזה,האורות,הווישירים, טיפול גדול לפני מספר שבועות מצורפת ניירת גמיש לרצינים בלבד ולמי שבאמת מגיע לו כזה רכב ! אני דורש 30 גמיש מעט לריצינים &lt;br/&gt;&lt;br/&gt;פירוט:&lt;br/&gt; רכב יפייפיה,",,119874,,4
קיה,2015,פיקנטו,3,אוטומטית,1248,בנזין,,,ירושלים והסביבה,ירושלים,38000,1,06/05/2022,06/05/2022,מצב מצויין וחיסכוני,,99000,,20
קיה,2012,ריו,2,אוטומטית,1399,בנזין,,,גדרה יבנה והסביבה,כפר מרדכי,16000,1,03/05/2022,03/05/2022,רכב שמור במיוחד,,465000,,9
קיה,2014,פורטה,2,אוטומטית,1600,בנזין,,,ירושלים והסביבה,ירושלים,34000,1,29/04/2022,29/04/2022,"נקנתה מאלבר כחדשה 0 ק""מ ללא תאונות במצב טוב ומטופלת מחירון 38000 דורש 34000 (הפחתה ליסינג)",,141600,,9
קיה,2015,פיקנטו,1,אוטומטית,1250,בנזין,,,מושבים בשרון,אודים,42000,1,21/04/2022,21/04/2022,"שירת אותי נאמנה נהגת יחידה , במצב מעולה - דגם מפואר EX",,119000,,20
קיה,2014,פיקנטו,2,אוטומטית,1250,בנזין,,,"ראשל""צ והסביבה",ראשון לציון,42000,1,20/04/2022,20/04/2022,"רכב שמור במצב מצויין ומטופל בזמן, יד שנייה עם 73,000 ק""מ מצבר חדש עם אחריות, נעשה טיפול שנתי, וטסט לשנה. עלייה לכביש 04/2014, שימש לנסיעות קצרות בלבד. מערכת מולטימדיה, סאנרוף, ג'נטים מגנזיום, מצלמה וחיישני רוורס. נמכר עקב התרחבות המשפחה לא בשבת",,73000,,14
קיה,2013,סיד,2,רובוטית,1600,בנזין,השכרה,פרטית,פרדס חנה - כרכור,קציר,30000,2,06/04/2022,06/04/2022,"רכב משפחתי מפנק גדול ומרווח, נקנה ב2017 מחברת באדג'ט ומאז משרת אותנו נאמנה. טיפולים תקופתיים ותחזוקה לפי הספר. הרכב נמכר עקב קבלת רכב חברה",לבן,180000,,16
קיה,2011,סיד,2,אוטומטית,1600,בנזין,ליסינג,פרטית,ראש העין והסביבה,ראש העין,20500,1,18/03/2022,18/03/2022,"טסט ארוך, 196 קילומטרז",לבן,,,13
קיה,2013,פיקנטו,2,אוטומטית,1300,בנזין,פרטית,פרטית,פתח תקוה והסביבה,פתח תקווה,35000,1,02/03/2022,02/03/2022,"רכב שמור יד שנייה +חיישני רוורס 105550 ק""מ .ידיים -פרטיות טסט לעוד 7 חודשים.",כסוף,105550,,11
קיה,2016,פיקנטו,1,אוטומטית,1000,בנזין,השכרה,השכרה,רעננה - כפר סבא,רעננה,25000,3,10/11/2023,10/11/2023,"רכב שמור מטופל ,ללא תאונות ,יד ראשונה ישירות מחברת ההשכרה",כסוף מטאלי,155000,,24
קיה,2008,קרניבל,3,אוטומטית,2700,בנזין,השכרה,פרטית,חיפה וחוף הכרמל,חיפה,17000,3,11/02/2022,11/02/2022,"רכב משפחתי, 7 מקומות, 141400 ק""מ, טסט עד סוף יוני.",בורדו,141400,,8
קיה,2015,,1,אוטומטית,2000,בנזין,פרטית,פרטית,נתניה והסביבה,נתניה,,5,08/01/2022,08/01/2022,,אפור מטאלי,117000,,0
קיה,2016,פיקנטו,2,אוטומטית,1200,בנזין,פרטית,פרטית,,בית ג'ן,1,5,10/12/2021,10/12/2021,✅ יצרן : קיה ✅ דגם : פיקנטו ✅ נפח : 1248 ✅הספק (כ״ס):84 ✅ שנה: 2016 ✅ ת. הילוכים : אוטו ✅ יד: 02 ✅ בעלות : פרטית ✅ סוג מנוע : בנזין ✅ טסט עד: 03/2022 ✅ ק״מ 167.000 ✅ צבע הרכב : לבן תוספות ❤️Kia Picanto ❤️ ❤️מכונית מיני עירוני ומאוד פופלארית ❤️ 💛נראית מצוין מרגישה איכותית ובוגרת 💛 ❤️מרווח פנימי קלאסי ותא מטען גדל במעט❤️ 💛פיקנטו לא מרגישה קטנה כפי שהיא באמת 💛 ❤️מימון 💯% ☎️ לפרטים חייגו054-7366282/052-5992525 🏠כתובתנו: בית הרכב בית גאן🚘 קישור בwaze״ https://waze.com/ul/hsvc5sbrvr 😊והגיעו להתרשם.😊 🥰 נשמח לשיתופים🥰,לבן,167000,,24
קיה,2016,פיקנטו,1,אוטומטית,1300,בנזין,פרטית,פרטית,ירושלים והסביבה,ירושלים,38000,1,01/12/2021,01/12/2021,רכב מצב מצויין! 132 אלף קלימוטר הושקע ברכב המון כל טיפול בוצע בזמן! כל הקודם זוכה!! תוספות מערכת מולטימדייה חדשה,אפור עכבר,132,,24
קיה,2007,קרניבל,7,אוטומטית,2900,דיזל,פרטית,פרטית,ירושלים והסביבה,ירושלים,25500,6,03/11/2021,16/11/2021,"רכב חזק, יפה, נוח, שמור, 7 מקומות מרווחים למבוגרים, מולטימדיה ענק, מצלמת רוורס. פשוט מלך על הכביש",תכלת מטאלי,255,,6
קיה,2013,פיקנטו,3,ידנית,1200,בנזין,פרטית,פרטית,טבריה והסביבה,מגאר,22000,3,11/09/2021,29/09/2021,"נסע 155 אלף יד 02 מצב חדש, ממיר קטליטי חדש טיפול גדול כולל פלגים ופלטירים, מסך אנדרויד ,מבפנים כמו חדש ,קויל חדש , רכב חסכוני מאוד ,צמיגים חדשים .חייב להימכר",אדום מטאלי,155000,,11
קיה,2008,סיד,3,אוטומטית,1600,בנזין,ליסינג,פרטית,חולון - בת ים,חולון,9000,4,14/06/2021,25/07/2021,RFC ANUR NTUS,לבן,205000,,6
קיה,2014,פיקנטו,3,אוטומטית,1300,בנזין,ליסינג,ליסינג,גליל ועמקים,שפרעם,35,4,30/08/2023,30/08/2023,רכב אלעלאא שפרעם תוספות ..,זהב,150000,,14
קיה,2009,סראטו,3,אוטומטית,1600,בנזין,,,חולון - בת ים,חולון,1800,0,31/10/2022,31/10/2022,הרכב במצב טוב ללא טסט וביטוח קיבלנו רכב חדש יותר מההורים ולחן הוא מוצע למכירה,,167000,,0
קיה,2011,קרניבל,3,אוטומטית,2200,דיזל,,,"ראשל""צ והסביבה",ראשון לציון,33000,0,29/10/2022,29/10/2022,רכב מעולה 7 נוסעים ניראה כמו חדש נוסע מצוין מתאים למישפחה גדולה,,165000,,2
קיה,2015,ג`ויס,3,אוטומטית,2000,בנזין,,,תל אביב,תל אביב יפו,,0,27/10/2022,27/10/2022,שמעון הצגת מספר טלפון,,147000,,0
קיה,2016,נירו EV,2,אוטומטית,1600,בנזין,,,גליל ועמקים,צפת,80000,0,13/10/2022,13/10/2022,"אוטו שמור ,מרווח מאד .",,113000,,0
קיה,2016,פיקנטו,1,אוטומטית,1248,בנזין,,,חולון - בת ים,חולון,52950,0,02/10/2022,02/10/2022,"קיה פיקנטו מודל טופ (גג נפתח). מועד עלייה לכביש 10/2016. שמורה כחדשה, רק 55,000 ק""מ, נהגת יחידה. הרכב טופל רק במוסך מורשה וכל הטיפולים מתועדים בספר טיפולים. &lt;br/&gt;&lt;br/&gt;פירוט:&lt;br/&gt; מגיני גשם, אימוביליי",,55000,,24
קיה,2015,ספיה,1,אוטומטית,1600,בנזין,,,מושבים בשרון,תנובות,73000,0,29/09/2022,29/09/2022,"מציאה - גיפון קייה ספורטג' שנת 2015, שמורה קילומטר נמוך רק 62000 ,טסט לשנה עד 2/9/23 , מטופלת לא בשבת &lt;br/&gt;&lt;br/&gt;פירוט:&lt;br/&gt; מערכת שמע דיוידי 9,",,62000,,0
קיה,2011,פיקנטו,3,אוטומטית,1250,בנזין,,,רעננה - כפר סבא,רעננה,30000,0,29/09/2022,29/09/2022,קיה פיקנטו שנת 2011 יד 3 פרטית (02) ברישיון כל הידיים פרטיות נמכר עקב התרחבות המשפחה 152 אלף קילומטר 0542635580 &lt;br/&gt;&lt;br/&gt;פירוט:&lt;br/&gt; מסך מולטימדיה ומצלמת רוורס,,152000,,3
קיה,2012,סול,2,אוטומטית,1600,בנזין,,,"ראשל""צ והסביבה",ראשון לציון,27800,0,25/09/2022,25/09/2022,רכב שמור ומטופל.,,102000,,5
קיה,2015,ספיה,2,אוטומטית,1600,בנזין,,,מושבים בשרון,תנובות,74000,0,24/09/2022,24/09/2022,"מציאה קיה ספורטג שמורה מאוד מעט קילומטר, טסט לשנה, &lt;br/&gt;&lt;br/&gt;פירוט:&lt;br/&gt; דיוידי חדש 9",,62000,,0
קיה,2015,ספיה,2,אוטומטית,1600,בנזין,,,מושבים בשרון,תנובות,74000,0,24/09/2022,24/09/2022,"מציאה קיה ספורטג שמורה מאוד מעט קילומטר, טסט לשנה, &lt;br/&gt;&lt;br/&gt;פירוט:&lt;br/&gt; דיוידי חדש 9",,62000,,0
קיה,2016,סראטו,1,אוטומטית,2359,טורבו דיזל,,,רמת גן - גבעתיים,בני ברק,139000,0,15/09/2022,15/09/2022,"רכב שמור מאד, מפנק, מושקע, נח, יציב על הכביש, שקט ועוצמתי, גג פנורמי נפתח, מושבי עור, מערכת מולטימדיה מובנית עם מסך מגע ווויז מובנה, מצלמות רוורס וחיישנים היקפיים מובנים, 7 מקומות ישיבה, מזגן חזק גם מאחורה, גמיש במחיר, לא בשבת. &lt;br/&gt;&lt;br/&gt;פירוט:&lt;br/&gt; מערכת מולטימדיה מובנית עם מסך מגע ווויז מובנה, מצלמות רוורס וחיישנים היקפיים מובנים",,112000,,0
קיה,2014,פיקנטו,3,אוטומטית,1250,בנזין,,,"ראשל""צ והסביבה",ראשון לציון,40000,0,15/09/2022,15/09/2022,קיה פיקנטו שנת 2014 נסעה 86 אלף קילומטר יד שלישית הרכב עבר טסט יש מערכת מולטימדיה רכב שמור!,,86000,,14
קיה,2012,פורטה,2,אוטומטית,1600,בנזין,,,הוד השרון והסביבה,הוד השרון,20000,0,06/09/2022,06/09/2022,גיא הצגת מספר טלפון,,,,2
קיה,2014,פיקנטו,2,אוטומטית,1250,בנזין,,,רמת גן - גבעתיים,רמת גן,35000,0,05/09/2022,05/09/2022,"למכירה קיה פיקנטו 2014 LX אוטומט. שמורה מצב מעולה ללא תאונות ללא תקלות. מנוע גיר שלדה תקינים. טיפולים שגרתיים בזמן בקביעות. שימשה אותי נאמנה כמה שנים יפות וזקוק לרכב גדול יותר. יד שנייה, קילומטרז': 144,000 מחיר: 35,000. לרציניים גמיש במחיר. מאזור רמת גן. זמין בפרטי או בטלפון 0546863710",,144000,,14
קיה,2016,,3,אוטומטית,1800,דיזל,מונית,פרטית,גליל ועמקים,נצרת,,6,25/03/2022,25/03/2022,,לבן פנינה,300000,,0
קיה,2006,קרניבל,2,אוטומטית,2000,דיזל,,,תל אביב,תל אביב יפו,15000,0,31/08/2022,31/08/2022,קיה קרניבל 2006 - נמכר עקב שדרוג ל2022. יש המון תמונות בוואטסאפ. &lt;br/&gt;&lt;br/&gt;פירוט:&lt;br/&gt; מאובזר מאד מאד.,,,,4
קיה,2011,ריו,3,אוטומטית,1399,בנזין,,,יישובי השומרון,רבבה,19000,0,26/08/2022,26/08/2022,רכב במצב מצוין. אחרי טיפול. טסט לשנה.,,165000,,4
קיה,2010,ריו,3,ידנית,1500,דיזל,,,,ג'ולס,2000,0,23/08/2022,23/08/2022,&lt;br/&gt;&lt;br/&gt;פירוט:&lt;br/&gt; רכב לחלקים מנוע גיר תקין,,300000,,6
קיה,2013,פיקנטו,2,אוטומטית,1250,בנזין,,,אשדוד - אשקלון,אשדוד,36000,0,22/08/2022,22/08/2022,גלי אלכס הצגת מספר טלפון,,137000,,11
קיה,2015,פיקנטו,1,אוטומטית,125,בנזין,,,יישובי השומרון,שערי תקווה,44000,0,22/08/2022,22/08/2022,רכב במצב מעולה! ללא תאונות וכו,,100000,,20
קיה,2015,פיקנטו,2,ידנית,1000,בנזין,,,,בית אל ב',,0,10/08/2022,10/08/2022,"רכב שמור, הילוכים, חסכוני מאד.",,140624,,20
קיה,2016,פרייד,1,אוטומטית,1591,בנזין,,,עמק יזרעאל,קרית טבעון,94000,0,28/07/2022,28/07/2022,הרכב נסע 100 אלף 2016 נסעה אשה 4 שנים עם הרכב הרכב מיאוד שמור אני מתכיב בבדיקה גיר מנוע שילדה הרכב דגם gt הדגם המפואר,,105000,,0
קיה,2014,אופטימה / Optima,1,אוטומטית,1700,דיזל,,,"ראשל""צ והסביבה",ראשון לציון,15000,0,23/07/2022,23/07/2022,הרכב הינו מונית לשעבר הפכתי את האוטו לרכב פרטי הרכב היה מטופל בזמן עבר שיפוץ גיר ליפני שנה מצב הפחחות טוב מאוד,,380000,,0
קיה,2016,פיקנטו,3,אוטומטית,1250,בנזין,,,"ראשל""צ והסביבה",ראשון לציון,29900,0,07/07/2022,07/07/2022,"לבוא לקחת. התחייבות לקנייה חוזרת עד 5 שנים. שקיפות מלאה!!! מגוון אפשרויות מימון עד 100% כולל תשלום בצקים. נמצא בסוכנות ""גרינקאר"" בראשל""צ, רח' הרצל 28. הנחות ומחירים מיוחדים יינתנו בסניף, יחס אישי לכל לקוח שקיפות מלאה!!! מבחר ענק של רכבים נוספים ניתן לראות באתר של גרינקאר. לצאת עם רכב חדש באותו היום.",,,,24
קיה,2015,פורטה,1,אוטומטית,1600,בנזין,,,מושבים בשרון,תנובות,73000,0,07/07/2022,07/07/2022,"קיה ספורטאג שמורה במצב מעולה, של פנסיונרית, שנוסעת מעט, אחרי כל הטיפולים, שווה מאוד, לא בשבת &lt;br/&gt;&lt;br/&gt;פירוט:&lt;br/&gt; החלפתי מרדיו דיסק , למערכת ויודי גודל 9 גדולה, יש מערכת רברס, יש כספת שנקנתה שהותקנה",,60000,,6
קיה,2012,פיקנטו,1,ידנית,1000,בנזין,פרטית,פרטית,אשדוד - אשקלון,אשדוד,18200,0,27/06/2022,26/06/2022,אחלה אוטו קטן חסכוני. 00בעלים קודמים,ירוק בהיר,169500,,4
קיה,2014,פיקנטו,1,אוטומטית,1200,בנזין,,,חולון - בת ים,חולון,34000,0,18/06/2022,18/06/2022,שמיר נהג יחיד מטופל במוסך קיה,,160,,14
קיה,2015,פיקנטו,3,ידנית,1000,בנזין,,,עמק יזרעאל,עפולה,20000,0,15/06/2022,15/06/2022,טסט לשנה צמיגים חדשים שמור,,,,20
קיה,2012,קרניבל,3,אוטומטית,2900,דיזל,,,"ראשל""צ והסביבה",ראשון לציון,35000,0,11/06/2022,11/06/2022,רכב 7 נוסעים עים טסט 10 חודשים לאחר חידוש כללי ממש מציאה,,144000,,1
קיה,2008,סראטו,2,אוטומטית,1600,בנזין,,,ירושלים והסביבה,ירושלים,12500,0,25/05/2022,25/05/2022,רכב שמור מנוע חזק,,170000,,0
קיה,2016,,1,אוטומטית,1600,היבריד,פרטית,פרטית,,יערה,,1,16/11/2021,16/11/2021,,טורקיז,204000,,0
קיה,2016,ספיה,1,אוטומטית,1600,בנזין,,,מושבים בשרון,תנובות,75000,0,09/05/2022,09/05/2022,"גיפון קיה ספורטג מציאה,שמורה מאוד, טאס עד 2023, טיפול 10,000, מצבר חדש, בלמים, גלגלי חדשים, נוסעת מעט איתה, כי אני בפנסיה , אך מפנקת אותה ומשגדרגת כול הזמן, כול הקודם זוכה &lt;br/&gt;&lt;br/&gt;פירוט:&lt;br/&gt; כספת לביטוח, מערכת חדשה גודל 9,שמורה מאוד , כולל כול הטיפולים",,60000,,0
קיה,2015,פורטה,1,אוטומטית,1600,בנזין,פרטית,פרטית,,חורה,37000,0,15/11/2021,15/11/2021,רכב בהזדמנות נדירה,לבן,87500,,6
